first_name,last_name,id,address,tel
Timothea,Shuard,1,9 Haas Way,525-672-4333
Percy,Pavlenkov,2,179 Cascade Pass,660-656-1865
Parrnell,Clethro,3,28694 Golden Leaf Crossing,545-967-7515
Tammie,McCafferty,4,021 Declaration Plaza,542-619-4834
Lonnard,Jarret,5,055 Vahlen Lane,277-402-7392
Elana,Lichfield,6,185 Arizona Way,716-194-7997
Simone,Rosier,7,39 Goodland Drive,439-903-6553
Nevil,Piecha,8,10 Surrey Terrace,443-202-1532
Shaylah,Farenden,9,01099 Anzinger Terrace,454-124-0352
Cody,Birchill,10,79 Glacier Hill Circle,146-957-8735
Florencia,Willshire,11,79214 Dahle Park,280-104-8316
Elayne,Dunton,12,56549 Spaight Way,292-829-7929
Gayel,Cuvley,13,820 4th Trail,186-741-3247
Roseanna,Urridge,14,98595 Rieder Place,859-587-9804
Shellie,Norway,15,90 Dryden Drive,117-290-9933
Astrix,Mortlock,16,25 Mockingbird Pass,814-881-7163
Tommie,Luckey,17,64532 Pennsylvania Drive,625-741-6791
Quinta,Hadley,18,8658 Kensington Hill,603-891-3591
Ware,Serotsky,19,5080 Warner Pass,495-278-4318
Electra,Websdale,20,067 Oak Parkway,332-454-6637
Thorny,Tussaine,21,161 Lighthouse Bay Court,604-516-3269
Mallorie,Shand,22,538 Sunbrook Place,815-636-2559
Evaleen,Moiser,23,006 West Drive,184-349-7575
Catherin,Laroze,24,6985 Shoshone Drive,143-145-4743
Persis,Huegett,25,48 Scott Lane,504-261-1566
Friedrich,Shanklin,26,55 1st Park,393-381-6309
Eba,Abden,27,349 Village Green Park,899-221-8766
Hobart,Millward,28,1 Vidon Center,174-189-6873
Trenna,Geely,29,237 Sommers Court,656-257-5925
Saunder,Geldert,30,07563 Forest Street,764-541-0379
Ogdon,Dodswell,31,49134 Ryan Point,990-123-0097
Gradey,Corke,32,9681 Fulton Lane,389-491-9034
Selig,Ancell,33,2 Del Mar Alley,248-939-5976
Dolores,McLean,34,69 Fairfield Pass,300-906-0645
Herman,Shewery,35,8 Basil Trail,147-536-0799
Lexi,Kinnin,36,8 Lakeland Street,550-191-5188
Alyson,Richardson,37,1 Esker Court,650-478-0112
Felicity,Linkin,38,90024 Blackbird Point,219-889-3199
Maximilianus,Cordey,39,237 Manitowish Park,958-985-2683
Hillel,Derricoat,40,53 Onsgard Trail,124-553-0038
Pavel,Mugleston,41,514 Cordelia Pass,775-694-4928
Aloysia,Wheelhouse,42,6 North Hill,924-660-4325
Hector,Febvre,43,2249 Onsgard Hill,262-132-4560
Gwenneth,Morrow,44,19701 Independence Street,100-480-7522
Chauncey,Balm,45,9 Clemons Street,341-512-8310
Philippe,Reedie,46,989 Vermont Park,266-825-3972
Emyle,Perillo,47,8 Twin Pines Drive,478-937-8264
Skye,Gorling,48,752 Bartelt Alley,923-182-5488
Misha,Willis,49,07 Dorton Alley,592-917-1151
Dorita,Walker,50,07429 Di Loreto Hill,598-978-8785
Meir,Comi,51,86431 Graceland Plaza,124-326-1202
Alphonso,Lympenie,52,0403 Reindahl Avenue,862-119-8165
Merrel,Hoggan,53,684 Maple Wood Point,434-227-3685
Michale,Carvell,54,218 Buena Vista Road,594-452-1315
Georgiana,Atter,55,388 Mcguire Street,201-546-0282
Darbie,Chiswell,56,21 Warner Street,858-593-1129
Noell,Judron,57,891 Springview Point,169-287-8061
Dorry,Lambshine,58,1704 Esch Street,628-516-8868
Vanda,Springtorpe,59,32 Service Plaza,218-593-5684
Arlen,Mutlow,60,355 Pearson Court,457-274-4441
Cordie,Sackler,61,9 Moulton Avenue,550-626-4729
Heda,Demongeot,62,475 Cardinal Circle,269-875-0720
Harriette,Hawarden,63,718 Rusk Point,614-422-4127
Kipp,Crumpton,64,36 Lillian Street,270-553-6116
Fee,Sebyer,65,6248 Gerald Alley,881-570-0712
Dorree,Delaney,66,676 Old Gate Lane,302-541-5169
Sallie,Juszkiewicz,67,8 Mayer Parkway,822-224-6806
Nevins,Eddisford,68,034 Farmco Road,346-851-2027
Claudina,Dinnage,69,22254 Village Green Road,362-812-9994
Adrianne,Filip,70,286 Buell Lane,739-940-9413
Allister,Coultous,71,063 Marcy Trail,545-706-2360
Frazier,Comelini,72,57298 Vera Pass,410-615-7555
Nicolle,Keningley,73,908 Pine View Way,710-139-7837
Tessy,Quaif,74,0 Moulton Park,271-338-5970
Vivia,Beeble,75,431 Artisan Street,482-880-1661
Kessiah,Melia,76,90 Autumn Leaf Alley,348-635-4823
Yves,Jermyn,77,7944 Redwing Park,900-129-9365
Geno,Lenox,78,4643 Kensington Place,662-136-8903
Allyn,Janes,79,0591 Leroy Terrace,358-471-2407
Derrick,Delgado,80,4716 Clove Street,460-564-0180
Rhea,Audry,81,99 Northland Parkway,976-820-3399
Lise,Santoro,82,7 Thierer Crossing,873-802-3059
Codie,Lowings,83,51588 Ilene Alley,155-768-1011
Kelli,Mosedall,84,9109 Westport Alley,317-106-4259
Poppy,Stoite,85,998 Mesta Court,847-332-4329
Myrna,Flaxon,86,02 Meadow Vale Place,437-974-5740
Doris,Ellam,87,96 Almo Plaza,824-859-9298
Magdalene,Marsden,88,353 Anzinger Trail,488-747-2233
Didi,Geggie,89,8496 Ludington Way,835-353-4496
Brittani,Kyncl,90,06912 Carioca Road,267-350-2580
Benedick,Bristowe,91,13217 Canary Center,596-222-2487
Zita,Sharrem,92,380 Fairfield Lane,791-252-4207
Marketa,Bengough,93,815 Manufacturers Lane,572-978-1236
Minni,Bayston,94,9997 Alpine Point,880-483-6492
Marlo,Irnis,95,6232 Artisan Road,398-930-1446
Christian,Havick,96,5 Stuart Lane,362-685-7051
Dominik,Lydiate,97,89818 East Place,107-277-4410
Sallie,Lumly,98,6024 7th Court,281-534-7841
Fernando,Woolfall,99,74 Riverside Court,781-257-4784
Gregory,Bastard,100,0769 Crowley Way,828-481-3867
Dorella,Deamer,101,77 Bonner Avenue,871-607-2006
Phillip,Oles,102,222 Bluestem Pass,319-954-6618
Oralla,Chaundy,103,8234 Bayside Trail,988-786-6953
Aloysius,Veljes,104,1952 Prairie Rose Terrace,196-998-8548
Bellina,Portail,105,54 Prairieview Hill,309-378-0270
Carmelita,Polack,106,60 Dovetail Junction,904-966-1402
Jae,Robet,107,0026 Sachtjen Junction,395-687-2202
Celie,Torbard,108,5 Dawn Parkway,578-397-5837
Delbert,MacElroy,109,176 Burrows Center,687-484-4702
Clemmy,Hearst,110,817 Di Loreto Circle,246-340-1474
Glen,Fylan,111,0 Arapahoe Parkway,848-766-0759
Rachael,Harwick,112,0 Weeping Birch Alley,368-789-5763
Almire,Border,113,5 Clove Point,665-713-8502
Aluino,Ginner,114,963 Stephen Road,622-404-1886
Aretha,Labrum,115,85906 Graceland Street,223-760-7742
Norah,Littlefair,116,8 Schmedeman Street,563-460-3159
Mal,Spurier,117,50 Browning Alley,929-516-2878
Aliza,Mulqueen,118,02522 Shelley Court,851-326-3143
Orion,Domingues,119,717 Parkside Avenue,169-682-5173
Alexina,Dibling,120,6715 Sunbrook Junction,815-681-8483
Audy,Maystone,121,9996 Forest Dale Pass,948-952-2365
Burg,Date,122,1 Stuart Alley,327-385-5435
Spike,Kleehuhler,123,7 Sullivan Crossing,146-343-9104
Emmery,Bloschke,124,88 Hudson Center,218-424-3703
Dewie,Sebrook,125,56 Trailsway Plaza,556-748-4690
Alvie,Vockins,126,263 Aberg Park,434-289-2303
Margalit,Renals,127,34854 Northport Circle,298-825-2185
Georgeanne,Dioniso,128,9 Southridge Trail,424-107-1309
Obidiah,Chetwin,129,5 Sunnyside Parkway,645-216-9111
Clerissa,Hauxley,130,15036 Upham Avenue,704-360-0937
Odilia,Binley,131,133 Dryden Hill,247-848-3535
Cassandre,Edowes,132,59 Express Junction,638-385-8074
Ginni,Gammie,133,3251 Arizona Hill,525-351-5238
Remy,Lettson,134,83 Division Pass,340-512-5285
Melissa,Van Hault,135,88186 Iowa Pass,676-168-4139
Ramsey,Kennon,136,3972 Burning Wood Alley,465-267-9454
Pier,Wyeld,137,4577 Kedzie Pass,946-598-6556
Cassandry,Liepina,138,98 Di Loreto Trail,383-414-4603
Marj,Kamen,139,27469 Kings Terrace,792-997-7876
Alard,Selkirk,140,558 Center Alley,859-351-1253
Alec,Castro,141,992 Birchwood Court,998-125-1931
Currie,Joliffe,142,1385 Warbler Center,207-485-4238
Gwennie,Grafhom,143,3 Hanson Alley,909-278-1282
Guillaume,Elam,144,88 Lakewood Gardens Drive,172-583-5011
Max,Kegg,145,5 Rowland Center,100-764-2691
Aleece,Fillon,146,58972 Hanover Avenue,344-109-2708
Lefty,Mandrey,147,16 Bluestem Circle,969-566-2432
Tammy,Jacop,148,80 Elka Point,831-503-6705
Amandie,Aldie,149,457 Orin Road,280-397-1975
Justina,McGaraghan,150,22572 Blue Bill Park Court,146-581-5319
Goldarina,Helmke,151,6069 Transport Place,123-789-5101
Orin,Skokoe,152,1350 Swallow Road,869-665-7723
Gilemette,Lammie,153,07 Randy Point,849-962-4520
Regina,Faull,154,50 Arrowood Junction,207-573-1417
Enriqueta,Newall,155,7185 Delladonna Park,105-552-0014
Granny,Tasker,156,779 Sheridan Pass,420-407-2058
Marika,Lehrle,157,29752 Amoth Trail,950-390-0863
Alica,Wanden,158,4 Onsgard Circle,725-516-3553
Josepha,Kneeshaw,159,6 Grover Plaza,206-369-3237
Gustaf,Downes,160,17 Dexter Court,278-218-0374
Tedda,Holligan,161,31007 2nd Drive,231-657-0911
Bradney,Hagland,162,3535 Lunder Court,524-297-0988
Olia,Hann,163,45791 Muir Drive,436-968-4935
Beatrisa,Jermey,164,265 Northport Lane,445-310-3449
Stesha,Gedney,165,6 Bartillon Hill,983-130-4225
Arron,William,166,429 Orin Parkway,589-430-7903
Ervin,Turmel,167,20 Ludington Hill,462-737-7197
Amaleta,Worsnup,168,9 Norway Maple Point,439-261-6122
Auberta,Veasey,169,5186 West Point,332-814-9823
Biddie,Greenin,170,888 Loftsgordon Place,799-703-7888
Arch,Handrock,171,02 Johnson Pass,348-539-9890
Garfield,Shepland,172,33756 Namekagon Avenue,419-641-3612
Sloan,Imason,173,2 Clyde Gallagher Park,269-253-8842
Caren,Toppes,174,36 Mariners Cove Park,776-702-8140
Minni,Shuker,175,7 Hooker Circle,488-567-4235
Gardener,Maccree,176,552 Sunbrook Lane,926-351-7916
Oren,Thumnel,177,13189 Fair Oaks Street,254-874-8612
Georas,Sandell,178,2755 Dunning Parkway,506-473-4114
Jeromy,Mosey,179,56 Goodland Court,598-189-0516
Itch,Guillet,180,02747 Lunder Plaza,721-185-9574
Dierdre,Ream,181,01530 Burning Wood Circle,223-763-0156
Baxter,Janusik,182,966 Fairfield Trail,804-365-4061
Babbette,Sivyour,183,2 7th Crossing,904-263-0435
Ethelda,Fetter,184,9182 Lillian Lane,302-173-5028
Sheree,Hollyman,185,35 Truax Way,837-946-8838
Leanor,Flagg,186,4039 Forest Run Drive,620-145-7109
Lenora,Witcher,187,6330 Ryan Court,286-628-4332
Aubine,Navarijo,188,3 Meadow Vale Terrace,407-272-0316
Billye,Ast,189,79 Ludington Way,842-600-4296
Reynolds,Lindwall,190,36 Buhler Junction,377-696-9146
Thorny,Pasby,191,2 Weeping Birch Place,313-216-8094
Cloe,Philipard,192,197 Pearson Park,400-875-6894
Putnam,Arguile,193,1365 Hintze Hill,732-617-8931
Renie,Akroyd,194,58 Springview Parkway,769-817-7585
Engracia,Emanuelli,195,4632 Beilfuss Court,550-464-9946
Felic,Luno,196,5237 Haas Plaza,209-308-3384
Angelico,Emps,197,2277 5th Avenue,176-589-1151
Oralle,Mandal,198,3 Bayside Avenue,299-437-9123
Sadie,Connar,199,5 Meadow Valley Drive,512-367-3333
Brockie,Sustin,200,28 Monica Lane,577-324-1743
Roley,Fall,201,8634 Maywood Parkway,128-316-3596
Carce,Rielly,202,16583 Sherman Avenue,788-864-0290
Gaylene,Potkins,203,446 Killdeer Hill,816-914-0933
Benedicta,Oldershaw,204,6 Kim Park,295-713-6683
Karalee,Westrope,205,278 La Follette Point,126-564-4008
Mireielle,Frodsam,206,6152 Twin Pines Hill,683-702-3316
Simone,Prydden,207,81473 Northview Trail,560-478-9634
Marie-ann,Budibent,208,90 Farwell Terrace,456-278-9384
Teodoro,Jonathon,209,544 Veith Point,105-430-9278
Lyndel,Friary,210,71993 Mcguire Court,632-387-0229
Lillis,Pember,211,146 Kropf Point,144-467-7293
Bary,Yegorov,212,357 Farwell Circle,260-725-5934
Lois,Loade,213,731 Beilfuss Center,187-291-8389
Brittney,Casellas,214,5427 Lukken Court,373-962-5979
Arabelle,Dowey,215,41 Heath Plaza,123-187-5277
Shelby,Clappson,216,76 Chive Drive,167-131-6467
Aveline,Gleadhell,217,4 Troy Circle,967-122-7463
Rosana,Roja,218,19852 Butternut Plaza,705-333-7387
Luci,Rattenberie,219,41026 Shoshone Lane,895-905-0722
Willy,Ferguson,220,1 Kingsford Alley,810-210-8656
Daisey,Goodbourn,221,45324 Lotheville Junction,385-642-6208
Wat,MacCard,222,68 Green Ridge Court,768-116-5633
Tricia,Doogue,223,003 Brown Alley,165-723-8331
Manuel,Harvett,224,7739 Bunker Hill Avenue,439-744-8114
Torie,Churms,225,7297 Waubesa Alley,295-823-1059
Maria,Crufts,226,0 Northview Crossing,640-348-6714
Alley,Cholmondeley,227,7738 Almo Court,998-216-1078
Fidel,Gillingham,228,302 Ronald Regan Center,144-715-6149
Zerk,Heckle,229,1089 Namekagon Way,690-565-5379
Eve,McDavid,230,69 Dottie Street,972-931-7660
Margaret,Wedmore,231,583 Main Street,495-834-2397
Kennan,Elliker,232,01 Larry Crossing,876-634-9141
Anna-maria,Dowbakin,233,4818 Fulton Hill,950-206-5152
Cecil,Graveson,234,2376 Kipling Center,987-751-1807
Darrelle,Ridhole,235,66564 Dryden Lane,305-147-4463
Latashia,Barensky,236,940 Meadow Valley Junction,476-857-5638
Erminia,Fuster,237,63 1st Lane,457-159-7699
Lydia,Dunseath,238,289 Warner Place,175-287-2621
Albina,Poplee,239,86270 Superior Street,269-539-2123
Flore,De Vries,240,1 Randy Circle,183-226-0134
Bernardine,Bickell,241,02 Meadow Vale Trail,555-356-9786
Keriann,Cregg,242,9 Veith Trail,665-816-2991
Hynda,Sermin,243,0918 Maryland Circle,613-934-2345
Desiri,Cotta,244,5 Gerald Plaza,339-899-0673
Son,McOwen,245,6 Golf View Terrace,802-960-8965
Piggy,Hanniger,246,43 Russell Parkway,314-318-5921
Fitz,Aspin,247,8 Ramsey Pass,967-582-4177
Ulises,Groucutt,248,297 Lawn Hill,127-183-5787
Hugo,Cristol,249,63 Saint Paul Avenue,392-399-8224
Redford,Longson,250,3 Northwestern Crossing,390-942-0390
Renie,Dunsmore,251,3 Arapahoe Trail,159-675-4251
Mack,Fowkes,252,83974 Hansons Junction,175-604-6151
Jandy,Rossbrooke,253,9373 Heath Crossing,691-921-4440
Sax,Toal,254,456 Sloan Circle,480-984-2408
Noach,Baruch,255,09 North Terrace,515-282-2637
Alexia,Meaden,256,924 Bunker Hill Road,770-256-2252
Daune,Riglar,257,70966 Dexter Crossing,519-313-6525
Dorella,Matthewes,258,29 Clemons Way,785-450-0293
Abba,McCloy,259,83102 Butternut Trail,963-527-8606
Jean,Millins,260,52929 Fulton Point,287-827-0992
Merl,Dametti,261,64 Mosinee Park,641-647-9088
Trenton,Askey,262,1691 Nevada Circle,868-100-9953
Alyda,Betton,263,7213 Dayton Parkway,864-168-8939
Valentino,Ecles,264,5167 Armistice Center,324-609-1556
Kania,Checklin,265,8643 Bartelt Hill,696-939-2408
Kaitlin,Dowthwaite,266,31 Almo Alley,321-684-8520
Renault,Missington,267,04 Fremont Lane,727-583-0884
Jervis,Gallafant,268,34624 Towne Terrace,637-464-5930
Walsh,Vedeneev,269,7 Bobwhite Place,777-410-7525
Faythe,Donohoe,270,71780 Mcguire Lane,526-279-9985
Harmon,Filby,271,9 Grayhawk Court,143-564-6122
Brit,Cann,272,5 Lakewood Circle,206-149-8310
Lisa,Noquet,273,45 Bunting Hill,675-181-4062
Kirstyn,Primmer,274,5634 Grayhawk Terrace,906-540-7889
Erda,Yuille,275,6247 Bartelt Point,992-440-0574
Dirk,Marques,276,95103 Crowley Parkway,157-574-0484
Bernelle,Mugleston,277,234 Trailsway Terrace,556-369-8010
Orrin,Poulgreen,278,42 Transport Drive,691-812-0850
Gunar,Mishow,279,16156 Milwaukee Terrace,671-698-3191
Mattie,Corp,280,25579 Merchant Court,129-574-3341
Linda,Moscone,281,97043 Lien Avenue,245-660-1051
Myles,Lacaze,282,807 Farwell Circle,649-950-1228
Erl,Gott,283,55765 Hoffman Terrace,444-925-8204
Angelika,Vandenhoff,284,1253 Badeau Hill,901-412-2126
Violet,Garz,285,855 South Point,438-304-8473
Nadya,Sulman,286,522 Sachtjen Trail,522-230-4358
Shelley,Capponer,287,64417 Chive Way,119-213-9007
Liliane,Camelin,288,28087 Corry Court,217-527-4189
Filippa,Jencken,289,5640 Homewood Junction,211-591-2248
Niccolo,Stockney,290,88278 Miller Center,212-578-3011
Calley,Bouttell,291,1 Blackbird Plaza,168-106-3779
Sara-ann,Rajchert,292,191 Sunbrook Alley,716-757-8005
Chicky,Archell,293,440 Hoard Place,200-240-9923
Bentley,Louw,294,25912 Meadow Ridge Place,714-833-5969
Tawsha,Ockwell,295,8492 Schurz Road,813-856-0994
Charmian,MacNeish,296,67 Merrick Way,931-188-5991
Julina,Dunthorn,297,38758 Anderson Alley,971-273-4415
Neill,Abson,298,8 Bowman Crossing,357-913-2722
Erskine,Faulkner,299,1 Maple Street,694-137-6881
Cristal,Rackstraw,300,91723 Memorial Terrace,499-952-8372
Arv,Dagnall,301,6418 Warner Crossing,334-921-9116
Tamas,Lindner,302,259 Mifflin Street,972-533-6760
Terrye,Posse,303,46 Heffernan Center,859-230-5902
Tito,Piscopiello,304,12 Anzinger Junction,725-173-8237
Reg,Wanklyn,305,44505 Dapin Alley,315-270-6054
Maible,Buckle,306,637 Florence Alley,785-837-9533
Nariko,Wainer,307,21 Morningstar Street,115-121-7602
Gareth,Berecloth,308,729 Center Center,856-239-0473
Tedie,Feavearyear,309,669 Huxley Center,286-721-8005
Jeannie,Broschek,310,9 Glendale Drive,141-263-4597
Tisha,Ferrillio,311,916 Iowa Hill,255-837-4509
Gray,Mosley,312,0 Grayhawk Street,531-531-8095
Jessica,Vesco,313,10 Gateway Crossing,826-141-8813
Wilburt,Hartmann,314,1949 Morningstar Crossing,271-228-1414
Constantin,Edkins,315,16 Stephen Lane,533-212-2035
Maryann,Marchment,316,64 Carioca Circle,486-135-9199
Torrey,Andell,317,970 Ohio Court,127-661-8847
Noel,Lourens,318,2496 Mallory Parkway,157-464-2070
Fee,Flory,319,1380 Little Fleur Trail,533-596-0458
Rhody,Worling,320,2 Spaight Junction,605-387-4679
Raviv,Tremoille,321,32 Duke Alley,804-285-1655
Gaspard,Lohde,322,6592 Coleman Court,130-874-0718
Maynord,Minger,323,3903 Ramsey Alley,849-716-7974
Theodor,Graalman,324,33 Briar Crest Lane,898-285-8344
Octavius,Durran,325,0 Barby Point,548-202-2506
Nestor,Cubbino,326,750 Chive Lane,518-242-5539
Sharl,Bittlestone,327,48 Mallory Circle,895-409-3012
Cherice,Tyce,328,25314 Claremont Pass,123-971-8873
Jemmie,Major,329,4249 Cherokee Terrace,573-230-0110
Magnum,Gore,330,8342 Merry Circle,883-890-3215
Constancy,Brognot,331,65 Hazelcrest Avenue,241-536-8620
Ransell,Joska,332,404 Butternut Center,833-347-0299
Courtney,Pringuer,333,76 Doe Crossing Park,209-939-3081
Isaac,Hourican,334,5388 Hansons Street,653-694-4037
Sabra,Kimberly,335,5 Shelley Way,575-574-1272
Dawn,Messam,336,98 Hollow Ridge Way,664-903-3097
Evey,Veare,337,823 Westend Junction,983-679-1038
Mabelle,Fealy,338,54099 8th Point,781-614-9661
Deck,Londesborough,339,34 Colorado Drive,495-436-8379
Jolynn,Woodier,340,303 Corben Place,460-289-2684
Goldia,Haliburton,341,54 Union Point,808-496-6914
Gram,Guiness,342,227 Mccormick Drive,569-194-5340
Tait,Tomik,343,101 Gateway Lane,888-238-6598
Leia,Duncan,344,58035 Summit Point,952-388-9939
Mic,Ciric,345,136 Lindbergh Avenue,141-402-3812
Darcey,Inggall,346,271 Atwood Plaza,436-626-6644
Lucretia,Low,347,733 Rutledge Parkway,903-273-5970
Tally,Chapleo,348,2902 Valley Edge Center,249-674-2200
Cornelius,MacPharlain,349,73 Glendale Park,622-765-9375
Robin,Iacovelli,350,5 Sheridan Court,427-303-8642
Mandel,Dunbavin,351,03854 Colorado Plaza,366-982-9979
Kendrick,Brazenor,352,60 Graedel Pass,139-155-5651
Sheelah,Labbati,353,35 Fair Oaks Avenue,156-713-0948
Any,Benezet,354,4 Dexter Junction,546-968-2102
Milissent,Gribbell,355,3 Fremont Parkway,623-766-5062
Der,Albarez,356,54273 Dunning Alley,642-532-1147
Darcey,Condie,357,31391 Buell Way,540-324-7975
Humberto,Wishkar,358,91046 Muir Alley,352-725-4277
Minni,De Launde,359,125 Kinsman Trail,798-119-0241
Durant,Coning,360,17 Hoepker Place,934-438-9870
Theodor,Aitcheson,361,094 Burning Wood Place,686-415-1058
Pietrek,Alleyn,362,938 Anzinger Hill,208-146-6402
Terencio,Minkin,363,2 Milwaukee Park,251-224-5579
Germain,Larcher,364,93 Forster Street,837-785-0394
Yoko,Swindell,365,79 Melby Drive,757-692-1800
Beulah,Clabburn,366,17657 Hooker Parkway,970-136-7103
Reid,Gather,367,2159 Sunnyside Trail,244-507-6658
Nariko,Kettlestringes,368,84 Continental Avenue,793-713-7659
Hubert,Joret,369,5 Gina Circle,283-443-9796
Jack,Fosse,370,429 7th Place,746-643-0810
Wenonah,Reckless,371,0 Rigney Pass,807-150-8590
Betteann,Airey,372,3 Forster Circle,280-554-8075
Hulda,Jarred,373,54941 Manitowish Trail,281-275-2064
Moshe,Tyre,374,799 Debs Way,501-916-2854
Pepi,Littleton,375,9423 Northwestern Lane,749-406-1420
Shaylah,Frances,376,54925 Jay Trail,657-454-6472
Ermina,Geck,377,160 Grasskamp Road,773-981-8444
Cristi,Binne,378,47 Clarendon Terrace,961-943-1072
Drucy,Overshott,379,8 Bobwhite Way,117-354-8910
Clo,Kurt,380,5029 Clyde Gallagher Road,713-536-8741
Carlin,Gillinghams,381,51044 Saint Paul Lane,139-910-8821
Bibby,O' Quirk,382,32 Esch Terrace,124-451-0884
Tommy,Pallant,383,38087 Merry Avenue,787-785-5775
Barbie,Du Plantier,384,8 Scofield Parkway,862-270-3659
Dal,O'Fielly,385,6 Kipling Park,624-505-7866
Keefe,Leyson,386,83 Cherokee Trail,555-390-2495
Kevan,Evitts,387,76558 Kensington Road,362-396-5445
Jaymie,Walch,388,1653 Bowman Park,569-158-7592
Curcio,Seyffert,389,599 Oak Circle,573-354-7301
Dewey,Klinck,390,18 Randy Center,233-519-3993
Leann,Stallard,391,1507 Crescent Oaks Place,774-925-2196
Elijah,Marjanski,392,04067 Continental Point,436-668-9622
Saxon,Dennerly,393,4959 Straubel Center,741-133-8218
Baxie,Hanstock,394,29136 Parkside Junction,561-318-6044
Denis,Moscone,395,583 Old Shore Crossing,836-517-5137
Huberto,Branford,396,5 Northwestern Drive,309-949-4204
Ashleigh,Alsobrook,397,3938 Nelson Circle,517-338-2105
Elenore,Cornell,398,76 Oxford Point,486-918-0589
Basil,Burnsell,399,6620 Debra Hill,598-157-2854
Jerome,Gomersall,400,5405 Kenwood Terrace,920-933-0873
Carmine,Guinn,401,45 Ridge Oak Center,583-419-5452
Rheba,Bilbrey,402,36429 Dorton Circle,768-690-6595
Simona,Ponde,403,12986 Springview Crossing,255-983-8794
Sella,O'Kinneally,404,72 Mifflin Drive,709-695-3666
Allison,Syphus,405,953 Sheridan Street,869-332-8939
Grantham,Nash,406,1 Grayhawk Point,884-339-7490
Dewain,Patis,407,78025 Marquette Terrace,450-331-6858
Cord,Simms,408,3 Eagle Crest Parkway,436-729-4607
Rainer,Grinyer,409,2 Acker Court,577-210-5814
Jillane,Neville,410,9244 Hallows Park,498-632-3473
Melisa,Mityushin,411,96 Heath Alley,282-213-2768
Modesty,Vibert,412,6 Park Meadow Terrace,601-738-5072
Avram,Harbar,413,33745 Dryden Avenue,865-611-8141
Solly,Pendrick,414,54454 Dawn Court,117-221-6472
Mella,Arni,415,90244 Holy Cross Junction,960-497-3490
Rodrigo,Morland,416,2452 Hoepker Avenue,715-790-9389
Brant,Poltone,417,90 Reindahl Parkway,107-597-1512
Paulette,Frain,418,08 Lakewood Gardens Road,409-384-2781
Alphonse,Badsworth,419,1474 Maywood Place,638-646-3025
Chloris,Caple,420,7021 Forest Run Road,498-879-3090
Florrie,Greeno,421,09 Claremont Road,454-482-8940
Nathanael,Waskett,422,3740 Schmedeman Court,506-338-3906
Florette,Krolik,423,681 Sutteridge Point,728-642-5142
Beverie,Whaites,424,6 Bashford Point,852-659-5228
Rheba,Gilliat,425,488 Fallview Plaza,709-688-7894
Angel,Eldrett,426,27374 Judy Hill,176-848-7395
Adam,Leverington,427,46 Bluejay Circle,438-759-4075
Garrek,Buffham,428,956 Ridgeway Lane,263-633-6853
Marci,Merrilees,429,2 Messerschmidt Place,577-864-0678
Gussy,Kinglesyd,430,08 Prairieview Place,678-611-3633
Franklin,MacLese,431,9589 Mayer Center,288-702-5356
Obadias,Edie,432,45790 Victoria Terrace,902-162-5786
Filmer,Yurov,433,043 Main Lane,493-244-6461
Purcell,Lanfranchi,434,6 Evergreen Street,355-269-8712
Camile,Dangl,435,90 Clyde Gallagher Park,913-599-6519
Carolina,Tonsley,436,76 Heath Place,521-469-8292
Early,Monteith,437,80735 Erie Park,834-356-9238
Judith,Salle,438,573 Amoth Trail,157-156-5845
Stephenie,Labbez,439,04248 Fuller Junction,663-324-1874
Bobbee,Truman,440,74137 Morrow Street,900-962-2989
Tallie,Stead,441,4 Summerview Center,249-952-3785
Brigg,Sawney,442,2008 Gale Street,702-182-4815
Leeland,Chisolm,443,81252 Coolidge Trail,798-223-1196
Essy,Neath,444,06630 Butterfield Crossing,557-223-3014
Hermione,Eyes,445,1 Northwestern Alley,877-678-6322
Albina,Hakey,446,443 Sullivan Road,810-961-9487
Eyde,Cloney,447,19 Huxley Hill,501-565-4893
Vonnie,Towndrow,448,0304 Hintze Terrace,810-473-9525
Kirk,Habbert,449,061 Hooker Place,949-915-1811
Lucretia,Kermon,450,95438 Main Point,699-728-8622
Mary,Tregent,451,6436 Dorton Crossing,409-337-6184
Asa,Bickerton,452,3926 Mccormick Junction,631-604-8975
Faye,Joyson,453,38348 Hayes Terrace,381-975-8478
Gerald,Cleator,454,9 Monument Junction,819-827-2095
Chip,Oliveto,455,4 Novick Terrace,743-368-4665
Delia,Greenroad,456,101 Havey Alley,714-308-7155
Ethyl,Bone,457,209 Waywood Terrace,900-374-7313
Della,O'Hallihane,458,533 Marcy Terrace,929-340-2108
North,Urlich,459,9 Raven Alley,983-518-5328
Holmes,Romaint,460,21494 Helena Crossing,677-454-5992
Maryellen,Houten,461,93885 Grover Center,981-968-1960
Mic,Noli,462,6 Dakota Point,858-571-9858
Aila,Stuttman,463,38167 Helena Drive,174-651-3408
Crosby,Kunzelmann,464,86760 Truax Center,135-949-0383
Jocelyn,Redgrove,465,16500 Norway Maple Avenue,977-409-4148
Haydon,Clyne,466,15 Fairfield Junction,600-545-3967
Andrus,Shillom,467,022 Springs Junction,279-526-0271
Goddard,Nunan,468,5153 Norway Maple Center,310-405-6110
Benson,Rounsefull,469,1 5th Way,937-302-2895
Nicholle,Sonier,470,61 Chinook Street,179-822-7777
Mair,Medendorp,471,311 Eastlawn Plaza,582-961-8962
Gwyn,Sandwick,472,851 3rd Terrace,614-690-5962
Wenda,Rawcliff,473,7 Rieder Road,998-354-1637
Meris,Scotchmur,474,857 Moland Hill,729-645-8777
Viviene,Clausson,475,2902 Tony Road,654-906-9584
Vincenz,Asmus,476,2772 Oakridge Alley,450-882-9153
Evania,Curtis,477,197 Anzinger Junction,952-313-7048
Marius,Booton,478,75984 Sommers Point,423-989-4850
Jordan,Kennsley,479,4 Marquette Plaza,954-723-8562
Aubrey,How to preserve,480,28 Loftsgordon Road,726-894-8981
Dareen,Spillane,481,9184 Northwestern Trail,662-304-0494
Cristina,Brech,482,32 Maryland Drive,776-290-3588
Zia,Richmont,483,693 Golden Leaf Pass,150-781-7761
Cristy,Flukes,484,3 Pawling Terrace,791-234-1167
Caritta,Logsdail,485,300 Maywood Point,315-816-4991
Gibbie,Dowsey,486,983 Ryan Avenue,764-526-8315
Fiona,Poller,487,0 Brentwood Pass,950-234-5525
Dorothy,Comazzo,488,3 Westerfield Trail,669-986-6301
Myles,Moar,489,567 Kings Avenue,805-548-4599
Saloma,Davidovici,490,11237 Fuller Circle,661-255-5088
Stormy,Leaney,491,62 Ohio Pass,277-589-1765
Raf,Ziemecki,492,432 Cordelia Crossing,385-651-8336
Jessee,Rigmand,493,55 Columbus Court,874-708-1487
Byrann,Fair,494,8 Judy Place,480-313-7265
Carmelle,Loder,495,326 Vernon Alley,419-300-5430
Archibold,Emerine,496,3 Bellgrove Drive,655-154-5047
Luigi,Thornborrow,497,1487 Coleman Drive,713-295-7355
Gilda,Phillipps,498,904 Hazelcrest Place,742-524-4790
Renata,Gregson,499,22694 Debs Center,960-455-2537
Jessamyn,Reignould,500,743 Myrtle Avenue,887-569-7266
Anet,Hollingshead,501,88 Mallory Alley,806-419-3600
Candace,Tilliard,502,342 Harbort Street,596-228-2825
Cori,Taunton.,503,4 Rowland Road,569-771-5391
Janetta,Wolfindale,504,6 Rutledge Trail,659-102-8888
Ayn,Charle,505,1 Killdeer Trail,430-949-4713
Fidelia,Jarrell,506,790 Gateway Terrace,786-400-4513
Ibrahim,Woodrough,507,6 Clyde Gallagher Road,365-764-5522
Gabriellia,Mongeot,508,53 Ohio Hill,170-916-5498
Faulkner,Claypole,509,084 Mesta Trail,417-547-8703
Robby,Sellor,510,6025 Gerald Avenue,546-980-4200
Ross,Demange,511,6575 Ohio Place,117-262-5613
Joe,Steffan,512,0575 Melvin Junction,636-330-6220
Beltran,Claypool,513,00903 Maple Drive,271-702-6933
Desi,O'Caine,514,73563 Vidon Crossing,747-588-1342
Jeniece,Rainville,515,7 Emmet Crossing,256-717-4597
Ted,Stave,516,2408 Oak Hill,384-689-5351
Fenelia,Hebner,517,865 Mariners Cove Alley,628-350-7603
Pavla,Skains,518,69 Namekagon Park,877-299-1772
Erinn,Cardno,519,1 Holy Cross Crossing,957-478-1281
Nevins,Lavis,520,974 Russell Parkway,208-326-0505
Josie,Harfleet,521,42 Reindahl Plaza,491-717-1346
Uri,Ramlot,522,897 Trailsway Court,416-481-5606
Lyell,Loughnan,523,5 Susan Pass,415-535-7060
Jasmine,Czajka,524,0 Farmco Trail,339-687-6254
Aymer,Massenhove,525,5 Sunnyside Pass,607-284-9448
Lucien,Solman,526,839 Warner Avenue,433-596-7134
Melloney,Marler,527,9497 Arrowood Park,117-127-5523
Dede,Burmaster,528,72 Graceland Trail,362-287-6969
Alden,Korpal,529,921 Delaware Park,263-310-0316
Leigh,O'Cooney,530,604 Bashford Place,111-321-3017
Borden,Chatan,531,78879 Pawling Lane,542-259-8584
Tine,Franc,532,73323 Sheridan Junction,657-869-4476
Selig,Haberfield,533,645 Russell Terrace,359-569-0559
Jared,Smetoun,534,26908 Butterfield Pass,695-611-3602
Barrett,Girvin,535,238 Main Way,488-197-1429
Francisco,Haynesford,536,6 Artisan Pass,519-736-6852
Jillene,Mion,537,1 Arkansas Street,126-441-4875
Pincas,Turfes,538,60 Milwaukee Alley,969-543-8318
Constance,Dalgety,539,06 Dennis Junction,875-886-8357
Ramona,Von Der Empten,540,2549 Mifflin Center,175-651-5095
Cullan,Malthus,541,14507 Nobel Alley,507-535-1624
Ezekiel,Woolmore,542,3 Marquette Circle,424-399-9924
Felizio,O Sullivan,543,92 Sauthoff Road,543-509-3622
Opal,Siggens,544,970 Anzinger Point,790-631-3346
Keefer,Sudron,545,81 Kenwood Parkway,184-999-4789
Danice,Switland,546,749 Stang Point,601-904-0148
Irving,Alder,547,679 Melody Terrace,934-694-3465
Mildred,Surgeon,548,1619 Dunning Way,964-708-5442
Berky,Simnell,549,823 Quincy Plaza,261-631-0100
Webb,Summergill,550,86648 Fairfield Place,357-192-6479
Dulci,Elsip,551,256 Lunder Street,381-851-2260
Rodolphe,Snalom,552,2774 Gina Junction,656-668-9499
Lelah,Beckwith,553,7 Loftsgordon Place,972-795-4634
Jasmine,Asgodby,554,7 Veith Road,597-496-9758
Niel,Itscowicz,555,70639 Farmco Trail,135-450-7803
Eba,Sleicht,556,373 Bunting Court,235-924-8895
Delia,Nozzolinii,557,9222 Bobwhite Lane,918-438-8823
Esmaria,Choldcroft,558,142 Sachs Street,262-811-8224
Findley,Avramovic,559,6 Anhalt Crossing,491-604-5140
Willetta,Harverson,560,8710 Bluejay Hill,820-245-1018
Abram,Southey,561,4135 La Follette Crossing,727-984-5638
Maxi,Toombs,562,9792 Sommers Lane,880-506-0316
Thomasina,Ferraraccio,563,7544 Vernon Plaza,148-863-9212
Aguste,Havers,564,37393 Loftsgordon Center,291-402-3796
Vince,Duggen,565,67535 Londonderry Way,115-753-5625
Toby,Jopson,566,6794 Alpine Center,566-259-1724
Der,Alessandrini,567,3 Gulseth Point,339-286-1728
Bail,Gallager,568,53 South Trail,717-310-9504
Emmit,Gascoigne,569,51479 Loftsgordon Street,821-651-9623
Ken,Klemt,570,969 Anderson Road,531-473-9511
Elwyn,Dyers,571,6839 Elmside Junction,934-257-5107
Jaynell,Babidge,572,8106 Hintze Way,675-318-1776
Tobey,Fosher,573,4607 2nd Court,306-633-1812
Broderic,Bergen,574,94537 Huxley Pass,250-520-8489
Stavros,Grew,575,75344 Westport Terrace,406-248-7433
Gradey,Kempe,576,10 Waxwing Parkway,104-490-4597
Naomi,Isoldi,577,8 Miller Parkway,503-145-9566
Raven,Delap,578,714 Loftsgordon Hill,456-601-5453
Quillan,Maciocia,579,38 Hagan Street,763-223-7777
Billy,Hassan,580,03012 Debra Way,705-863-5312
Vaughn,Dikels,581,5 Pierstorff Lane,595-945-0620
Lacie,Caps,582,7612 Stoughton Road,725-420-0485
Erina,Gansbuhler,583,6428 Karstens Circle,604-532-8162
Valaria,Franck,584,449 Garrison Point,857-481-5662
Belicia,Sysland,585,181 Randy Plaza,853-882-8771
Lawry,Toy,586,3381 Kipling Place,422-388-8915
Henrieta,Anneslie,587,9 Hollow Ridge Plaza,157-856-1969
Maridel,Ingle,588,42 Katie Point,191-866-5689
Everett,Baumann,589,01 Holmberg Crossing,321-686-6422
Lanny,Millsom,590,42531 Iowa Hill,752-541-0193
Kerwinn,Top,591,5 Village Circle,485-434-5698
Aubrey,Benedettini,592,9490 Roxbury Park,163-845-2732
Clare,Phippen,593,0616 Golden Leaf Lane,653-967-3361
Lodovico,Ingliss,594,9 Stone Corner Pass,917-152-6573
Lelah,Croughan,595,889 Messerschmidt Street,405-131-0704
Gayel,Lande,596,9 Ridgeview Avenue,179-153-8982
Lindsey,Fitch,597,21 6th Street,197-193-0580
Matthew,Kann,598,256 Cordelia Alley,499-770-0545
Josselyn,Eldredge,599,946 Mosinee Plaza,922-293-6685
Sofie,Elner,600,17535 Esker Plaza,750-365-4970
Pepito,Wyllie,601,20355 Welch Point,920-539-5825
Megan,Andrzej,602,7 Longview Road,457-261-0536
Emilia,Sawforde,603,45833 Amoth Point,282-962-3436
Isacco,Smallcombe,604,64544 Kipling Hill,493-709-2216
Rita,Winston,605,8 Erie Place,271-635-0307
Mirelle,Greenroa,606,30 Macpherson Hill,770-793-2076
Helen-elizabeth,McCullagh,607,9343 Oakridge Trail,947-608-7058
Duffy,Mallam,608,171 Randy Pass,589-312-7784
Idette,Inch,609,4567 Comanche Way,620-184-2022
Gabe,Risso,610,9 Canary Park,958-567-0957
Beckie,Corstan,611,081 Russell Crossing,270-397-9640
Hugues,Swales,612,885 Luster Street,240-930-9764
Lind,Marchetti,613,0 Muir Crossing,176-634-5622
Sallyann,MacKeever,614,84 Forest Plaza,181-471-0129
Ly,Fust,615,44 8th Circle,741-940-3423
Emmalee,Amiss,616,16 Laurel Alley,459-747-0868
Jobi,Bignall,617,34105 Schmedeman Way,271-688-9650
Olive,Nowill,618,4 Sachs Court,341-415-1751
Constantine,Forshaw,619,8 American Ash Place,707-179-1446
Armando,Pavkovic,620,47 Kingsford Alley,780-674-1351
Bride,Merigeau,621,5675 Arapahoe Parkway,681-444-0053
Adolf,Wastie,622,9 Leroy Road,858-474-9605
Manuel,Duberry,623,26 Kings Trail,172-461-6710
Lillian,Tennewell,624,0 David Street,616-673-0173
Malory,Top,625,9 Maple Wood Terrace,860-858-7851
Gerta,Sillars,626,76481 Farmco Junction,950-161-8278
Chet,Broadhead,627,06224 Logan Circle,448-359-2329
Jervis,Bromidge,628,9 Division Place,412-766-9144
Olivia,Fullard,629,6139 Hoffman Park,268-577-7137
Robinetta,Varney,630,157 Randy Circle,691-877-3271
Salome,Lindner,631,020 Kipling Avenue,613-754-0222
Mehetabel,Cheeke,632,534 Ramsey Park,390-291-4769
Rosa,Skellion,633,47324 Talisman Center,531-537-5137
Joyann,Bestman,634,97671 Summer Ridge Avenue,652-210-0809
Laetitia,Joutapavicius,635,19 Surrey Pass,534-818-6209
Ibby,McQuorkel,636,61 Dahle Plaza,367-587-9287
Kendal,Le Friec,637,5681 Dottie Lane,776-139-0880
Frederich,Villalta,638,50 Larry Center,750-269-7029
Alyosha,Brim,639,31 Sunfield Place,651-692-9517
Matti,Empleton,640,8577 Kenwood Place,371-632-8344
Vera,Dilrew,641,0082 Carpenter Street,899-581-6705
Ivor,Conaboy,642,9 Pearson Crossing,338-568-1156
Mab,Batts,643,4 Granby Drive,859-235-7100
Way,Jennemann,644,76 Mayfield Street,968-780-6337
Sabrina,Ghelardi,645,037 East Court,455-419-1799
Rycca,Balazot,646,7309 Arapahoe Drive,654-697-5469
Creigh,Carnegie,647,33096 Hauk Way,477-654-0466
Liv,Billham,648,1 Logan Street,813-562-1855
Klarrisa,Woodford,649,4 Shelley Trail,619-398-5108
Barris,Spratling,650,5958 Sunnyside Pass,481-395-2776
Nicolette,Poynter,651,5231 Sutherland Hill,726-747-2994
Myer,Dwire,652,512 Ridge Oak Center,609-526-6429
Dana,Shalcros,653,61 Hintze Center,290-599-5427
Cello,Gammel,654,44218 Sachs Center,508-405-9108
Yetty,Readman,655,04 New Castle Court,642-301-6475
Marlon,Greenshiels,656,718 Hauk Circle,389-431-7757
Aliza,Mauchlen,657,61 Grover Plaza,210-377-2807
Yard,Inker,658,52734 Jenifer Pass,559-330-9695
Caressa,Filyushkin,659,368 Dayton Place,305-576-6170
Corny,Cheeke,660,27886 Spaight Alley,836-446-1509
Isacco,Rambaut,661,755 Maple Road,469-698-6111
Magdalene,Bartels,662,53135 Trailsway Street,372-777-4342
Penrod,Jellico,663,5 Mandrake Place,603-530-1137
Garnette,Andreone,664,3 Transport Drive,413-927-8904
Leandra,Eddison,665,113 Dwight Terrace,667-350-1916
Burk,Raiman,666,677 Lerdahl Street,633-229-5623
Charleen,Brigshaw,667,3 Scott Drive,757-527-8491
Judie,Swafield,668,04361 Jackson Way,344-979-5641
Kennan,Toulch,669,6333 Washington Plaza,196-560-5969
Cinda,Batsford,670,0 Sherman Place,544-815-1757
Lammond,Daymont,671,50 Morning Avenue,856-760-7499
Alexandr,Leguay,672,21 Hudson Avenue,506-438-1199
Yevette,Lamey,673,6 Daystar Trail,227-774-3383
Hugues,McChruiter,674,935 Spohn Drive,720-862-5434
Dionisio,Bartali,675,8039 Scoville Park,624-277-4457
Burl,Mityukov,676,6394 Harbort Court,209-766-4515
Georgina,Gowling,677,2709 Dennis Park,427-892-5594
Jereme,Antognozzii,678,40 Mcbride Lane,913-657-0576
Tybie,Chaytor,679,26 Northport Lane,218-757-7708
Alejandrina,Blackster,680,38252 Rockefeller Terrace,312-894-9800
Blanche,Savege,681,96 Mariners Cove Avenue,691-135-5410
Jeannette,Hartlebury,682,401 Pearson Crossing,622-416-0924
Jordan,Rymer,683,599 Linden Road,706-110-7142
Mab,Bywater,684,51744 American Alley,100-898-6801
Mabel,Hopfner,685,4258 Golf Course Plaza,510-989-0195
Rafi,Crosio,686,37 Independence Court,353-991-7648
Saunderson,Grinaway,687,5 Waywood Court,804-455-1596
Windham,Wasylkiewicz,688,29028 Heath Drive,617-984-0536
Mauricio,Cearley,689,00854 Hallows Street,348-265-4104
Robbi,Sinnatt,690,792 Hudson Crossing,845-961-2510
Suellen,Lind,691,445 Ridgeview Lane,501-574-5717
Sammy,Lavens,692,9389 Toban Plaza,417-737-5848
Myrtle,Skrzynski,693,43622 Barnett Junction,320-879-3548
Napoleon,Jandak,694,19189 Sunbrook Crossing,335-611-2644
Cinderella,Hirschmann,695,1 Cordelia Terrace,165-937-2117
Brook,Willoughby,696,49 Forster Drive,887-369-8808
Harcourt,Danihelka,697,06329 Iowa Circle,415-910-3403
Etan,Sich,698,1 Debs Junction,580-944-7495
Clarita,Gregoli,699,97707 Alpine Center,933-849-4414
Ailene,Rewcassell,700,0295 Haas Drive,865-683-9613
Minnaminnie,Washbrook,701,127 Sommers Lane,457-113-8366
Evelyn,Hailes,702,30 Summerview Junction,492-477-1358
Erastus,Castana,703,11 Declaration Parkway,624-614-0494
Kali,Cheavin,704,562 Fairview Center,394-329-4478
Obed,Ionnisian,705,5 Lindbergh Circle,416-468-1765
Dante,Skerrett,706,5058 Milwaukee Plaza,386-343-6608
Constancy,Castille,707,75775 Summer Ridge Plaza,770-281-9961
Ralina,Buckwell,708,73 Corry Trail,825-340-7741
Karyn,Pifford,709,521 Dennis Center,625-296-0268
Clayson,Picken,710,94 Cambridge Park,886-545-5422
Moshe,Baily,711,881 Porter Avenue,771-935-0037
Harvey,Samett,712,67 Warbler Hill,778-254-1540
Zarla,Woolis,713,9960 Morning Court,121-624-4127
Elene,Rock,714,42733 Bellgrove Point,879-768-9019
Marice,Dangerfield,715,08 Manitowish Drive,609-315-7452
Noel,Waiting,716,19 New Castle Crossing,901-203-6765
Derwin,Wibrew,717,427 Ridgeview Avenue,917-494-9132
Fey,Kordas,718,248 Shopko Terrace,680-129-8643
Judah,Champkins,719,48271 Parkside Junction,211-381-6911
Ernaline,Tilne,720,84 Redwing Terrace,772-256-2658
Alister,Runchman,721,09 Annamark Crossing,162-599-4169
Hodge,Sedgman,722,3065 Dovetail Parkway,880-937-5011
Jermayne,Trethowan,723,35084 Sunfield Place,461-589-0914
Nell,Teaze,724,65567 Fallview Avenue,694-873-3384
David,Tallyn,725,449 Stone Corner Pass,758-964-6897
Jozef,Eamer,726,1 Riverside Center,709-840-1812
Cam,Schimek,727,79901 Sullivan Circle,351-683-3717
Ferdie,Gogan,728,7 Del Mar Parkway,229-412-8644
Lisabeth,Leyburn,729,246 Kings Park,323-808-1274
Trula,Emanuele,730,45 Melody Place,823-536-2665
Pablo,Bodley,731,92151 Tennyson Circle,802-484-1064
Sharleen,Geare,732,870 Buena Vista Trail,346-548-6667
Klement,MacKnocker,733,296 Nevada Road,740-121-4281
Joceline,Heisler,734,3970 Mockingbird Way,366-840-3341
Cacilia,Bruineman,735,1 Orin Court,587-369-8277
Kylie,Emloch,736,89240 Lakewood Gardens Lane,381-874-2229
Devondra,Dautry,737,266 Miller Place,948-675-0731
Trever,Pittway,738,179 Eggendart Point,522-986-1950
Hamnet,McCue,739,8 Menomonie Point,958-419-1403
Rosalia,Wolters,740,24 Gateway Parkway,861-159-2610
Jens,Shallcroff,741,237 Meadow Vale Avenue,719-181-8667
Stace,Marquess,742,5 Victoria Trail,261-867-8757
Alphonso,Pomroy,743,86 Canary Pass,291-718-8438
Eugen,Sedgmond,744,502 Quincy Point,336-320-3534
Erhard,Mordey,745,04 Stephen Drive,330-973-5833
Terri,Droogan,746,6 Independence Point,178-497-4916
Lief,Rozet,747,567 Warrior Center,193-418-6272
Filberte,Dupoy,748,93 Heath Point,317-681-2626
Genia,Izaac,749,75036 Talisman Way,723-514-8135
Colly,Robillard,750,6 Redwing Lane,483-751-4382
Linea,Benzie,751,2 Wayridge Street,971-220-2989
Mikey,Cuffe,752,5656 Northfield Alley,309-625-2754
Simon,Abry,753,0 Nova Park,345-952-6410
Vale,Crimp,754,53144 Center Street,627-249-8771
Royal,Tremellier,755,17 Mesta Hill,339-303-3910
Aila,Daughtry,756,8 Farmco Avenue,316-124-7248
Corabel,Duran,757,0 Bay Parkway,734-688-0309
Sunshine,Greim,758,52271 Farwell Alley,203-281-9742
Avram,Ison,759,8985 Bunker Hill Street,405-548-8040
Ernestine,Gibbons,760,3 Longview Street,144-112-2180
Noel,Doig,761,080 Warbler Street,763-992-7357
Consuelo,MacConnel,762,02 Evergreen Alley,216-140-4668
Hamlin,Odger,763,4361 Sullivan Park,678-807-5777
Gary,Farrier,764,24 Coolidge Place,798-722-8221
Agnesse,Pohls,765,75 Lake View Hill,545-426-4471
Rycca,Leyson,766,9 Sachs Lane,678-336-3270
Farris,Seagrave,767,44034 Dawn Avenue,153-967-0122
Cass,Davidy,768,5965 Becker Circle,118-219-3401
Ward,Denys,769,44 Nelson Drive,564-987-4493
Orlando,Eyer,770,7 Erie Lane,888-924-9746
Hamilton,Vizard,771,2288 Cascade Trail,279-402-3056
Grissel,Bradbrook,772,7 Pepper Wood Center,915-636-4782
Eva,Wessing,773,615 Waywood Point,417-436-5853
Silvain,Callum,774,40 Birchwood Alley,782-833-0733
Philly,Matterdace,775,35 Dunning Junction,706-486-8051
Beatriz,Skillitt,776,562 Warner Avenue,464-309-8976
Shannon,Cornwell,777,096 Karstens Road,727-379-2636
Melvin,Porker,778,85 Morrow Point,436-169-5099
Sherri,Carder,779,80705 Gulseth Terrace,811-456-6053
Colby,Zelley,780,589 Emmet Junction,644-730-3622
Jacenta,O' Timony,781,8646 Rowland Drive,610-194-8077
Byron,Leggin,782,2 Troy Court,600-911-2662
Grete,Chesnay,783,37674 Loftsgordon Junction,404-454-1455
Beatriz,Durbin,784,50 Esch Park,203-366-3681
Aldon,Mackin,785,27 Jana Circle,115-114-3363
Nevil,Rheaume,786,8 1st Park,658-173-8128
Audi,Durnford,787,655 Golf View Street,561-849-6761
Hailey,Falks,788,32168 Susan Hill,703-515-4291
Avery,Baselli,789,406 Almo Way,194-469-5242
Carlye,Tesdale,790,25576 Waxwing Drive,747-189-6312
Dory,Minelli,791,62 Menomonie Junction,116-251-6729
Astrix,Zanetti,792,49 Del Sol Circle,320-612-2514
Pia,Kersley,793,22 Golf Park,103-998-8874
Lee,Reap,794,743 Walton Drive,385-414-2065
Larine,Sowden,795,1127 Kipling Court,542-952-3095
Rodger,Slegg,796,04674 Dovetail Park,904-825-4245
Claresta,Ferrario,797,6150 Declaration Trail,632-750-3970
Marius,Ayliffe,798,2834 Marquette Drive,578-197-8795
Constantia,Harty,799,3921 Maple Point,957-686-7182
Timothea,McGruar,800,06860 Armistice Parkway,916-585-2526
Alonso,Willoughway,801,2 Mayfield Avenue,176-998-5062
Raina,Seville,802,27829 Chinook Junction,299-789-8471
Ludwig,Sweatland,803,835 Hauk Alley,674-364-6354
Tony,Iglesia,804,795 Darwin Crossing,460-454-1040
Dorrie,McHugh,805,607 Kenwood Street,640-801-3975
Ginny,Petrushkevich,806,1 Clyde Gallagher Hill,196-936-3717
Jakob,Pearson,807,1992 Sutteridge Trail,397-872-4295
Robinett,Hartland,808,08398 Crowley Road,462-728-7104
Crystie,Runnacles,809,95167 Kim Plaza,498-579-4895
Hanson,Stronach,810,96665 Waywood Plaza,807-884-9577
Trish,Trethewey,811,46300 Westerfield Alley,669-914-2407
Donnell,MacGee,812,2051 Grasskamp Pass,360-364-9804
Tally,Lambrecht,813,47326 Blue Bill Park Hill,311-582-1749
Maura,Jendrys,814,339 Toban Center,117-874-4884
Dorthea,Dowsing,815,4346 Oriole Trail,259-688-8025
Gian,Isakovitch,816,363 Ohio Alley,976-658-0537
Codie,Axby,817,78 Longview Parkway,590-847-0382
Fidelity,Allgood,818,386 Crescent Oaks Center,324-734-7573
Derril,De Vaar,819,174 Orin Junction,380-469-4210
Gilda,Carnoghan,820,1 Riverside Plaza,915-811-2158
Sheilah,Walworche,821,000 Forest Run Avenue,121-783-3611
Rodge,Barmby,822,447 Dovetail Pass,694-643-6338
Nobe,Bedson,823,982 Sundown Parkway,224-702-3108
Calhoun,Matcham,824,1786 Atwood Circle,905-524-1149
Blondell,Lorait,825,811 Shelley Terrace,781-750-9446
Stepha,Coggins,826,8 Declaration Hill,868-611-1792
Caddric,Flag,827,41 Sunbrook Circle,675-708-2665
Eveline,Blackater,828,0 Anthes Lane,480-729-8599
Robinetta,Burtonshaw,829,75 Nevada Plaza,196-617-6408
Ray,Middlebrook,830,5 Roth Plaza,580-752-9421
Deeann,Domelow,831,930 Messerschmidt Park,215-472-1138
Carleton,Odd,832,63 Fairfield Junction,765-452-3283
Wald,Sedgman,833,3299 1st Circle,493-116-5946
Correy,Hadeke,834,33180 Eastwood Road,729-262-8208
Ema,Ellard,835,67099 Gina Hill,791-460-4121
Tarra,Dyke,836,9 Rusk Court,609-877-9577
Tiffie,Mechem,837,29018 Bartillon Center,717-539-7753
Ingmar,Simondson,838,00 Texas Avenue,329-605-8277
Weston,Blues,839,0447 Annamark Plaza,894-816-2309
Quintina,Batterbee,840,76 Westerfield Way,344-256-9743
Vanda,Baitey,841,8 Welch Park,773-160-0226
Culver,Gimblet,842,1 Wayridge Drive,255-469-8600
Barbi,Buston,843,473 Dunning Circle,122-478-2118
Demetrius,Sallings,844,9 Scott Point,409-966-5209
Devlin,Gergler,845,00 Monument Crossing,378-486-0058
Nelson,Samart,846,25671 Ronald Regan Road,409-269-6391
Helge,Wasbey,847,95 Declaration Park,456-211-0645
Ahmed,Haeslier,848,75 John Wall Hill,617-937-7241
Monah,Glas,849,04 Raven Drive,626-822-5701
Giffer,Bollam,850,040 Grover Lane,937-459-3533
Lek,Craske,851,38591 Bultman Alley,191-892-9092
Milo,Lindmark,852,552 Kensington Park,580-703-0862
Westleigh,Keizman,853,33 Lakewood Gardens Parkway,333-152-4032
Stewart,Fontenot,854,6 Hanover Court,211-234-3261
Aurelia,Lemary,855,67 Daystar Terrace,533-973-0819
Jandy,Brummitt,856,0547 Bultman Hill,443-938-5164
Giacinta,Mohammad,857,3 Clove Road,736-421-6697
Dollie,Sidebotton,858,90 Commercial Park,709-242-0493
Prudy,Cleal,859,16697 Steensland Junction,105-805-7122
Melisande,Lampitt,860,353 Bluejay Alley,771-912-6232
Dinah,Sandle,861,93 Village Green Circle,580-903-1291
Philip,Caveill,862,569 Union Court,709-464-1664
Mela,Hollingshead,863,8580 Longview Way,628-640-9190
Norry,Welham,864,6798 Porter Terrace,615-588-1682
Obed,Charlick,865,093 Fuller Center,894-198-2843
Adrianne,Tomlins,866,2 Schurz Crossing,659-561-3289
Sela,Fagence,867,1627 Charing Cross Point,855-852-4813
Mario,Earlam,868,46680 Randy Junction,262-815-1348
Maisey,Borges,869,42 Schlimgen Lane,595-903-4965
Lisetta,Focke,870,7 Buell Crossing,145-463-1654
Ivett,Lohan,871,6 Golf Plaza,100-233-3880
Chrissy,Ratnege,872,5992 Sycamore Park,448-157-6094
Brooke,Kamenar,873,8770 Lien Junction,623-717-3794
Patricia,Tankin,874,62 Pearson Terrace,113-664-1547
Doro,Aggis,875,314 Heath Circle,149-115-2469
Frannie,Euston,876,70768 Golden Leaf Alley,322-541-0375
Rutledge,Stannett,877,37753 Holy Cross Lane,533-412-5006
Becki,Tocher,878,20185 Linden Point,360-780-5769
Stefano,MacLaig,879,3581 Caliangt Drive,853-925-6297
Cassi,Descroix,880,2938 Dryden Crossing,244-226-8771
Shaylyn,Struss,881,8 Moose Road,660-722-6218
Remus,Halbeard,882,4 Schiller Center,739-150-4816
Ewell,Beniesh,883,0279 Surrey Road,904-347-8257
Stanford,Tarling,884,64661 Hooker Point,853-453-3181
Aylmar,Gibbe,885,665 Chive Place,508-811-4927
Arlana,Tunniclisse,886,0 Elka Circle,254-473-2648
Skippie,Damp,887,66 Tomscot Hill,538-523-2623
Marco,Bushill,888,61 Oak Valley Crossing,158-855-0864
Vitia,Twyning,889,46 Jana Junction,737-952-4163
Jerrold,Hicken,890,63767 Anzinger Alley,619-202-4674
Jessa,Kelshaw,891,6 Commercial Circle,304-299-9703
Paulie,Eate,892,2514 Carpenter Street,213-598-2872
Sibella,Folder,893,3 Gina Alley,503-684-4852
Ralph,Stobbs,894,2072 Memorial Trail,258-129-3771
Timotheus,Ridpath,895,4 Westerfield Road,161-469-3538
Selestina,Piccard,896,404 Schurz Road,444-388-6113
Dick,Wareing,897,0 Petterle Parkway,164-926-3238
Ellene,Gebuhr,898,731 Garrison Road,455-751-5755
Binky,Panons,899,56539 Stone Corner Crossing,258-779-8854
Florian,Greaterex,900,01 Hoffman Crossing,774-816-7520
Bat,Pammenter,901,83234 Trailsway Plaza,866-130-6297
Sigismondo,Spriggin,902,94 Mendota Plaza,637-404-6519
Amby,Cuckson,903,9 Chinook Place,506-862-3869
Querida,Gilogly,904,031 Randy Junction,358-182-0681
Virgina,Pozzo,905,78679 Cherokee Avenue,922-852-4423
Mead,Leeburn,906,7585 Clarendon Road,964-343-8166
Rozalie,Baytrop,907,56876 Blackbird Drive,283-692-5135
Shari,Gait,908,029 Kensington Lane,839-725-7474
Gifford,de Guerre,909,109 Arkansas Avenue,338-501-2824
Tess,Alishoner,910,99354 Coolidge Point,464-231-9618
Katalin,Stowers,911,498 Hoffman Court,172-807-1136
Berenice,Kryzhov,912,9 Mcguire Circle,584-496-3634
Loria,Lloyd-Williams,913,783 Mcguire Avenue,651-312-3710
Jermain,Piletic,914,2 Bartelt Plaza,131-440-5560
Antonina,Chaplin,915,8662 Dottie Hill,351-751-4571
Berkeley,Custance,916,85680 Graceland Street,440-374-9828
Glenden,Darcey,917,4 Amoth Place,650-351-9643
Frances,Catcherside,918,16 American Ash Street,280-619-4138
Barnaby,Iskow,919,00 Blackbird Court,200-746-1790
Allianora,Lunney,920,7963 Mandrake Plaza,318-627-0655
Florian,Swinn,921,20 Oriole Junction,686-841-3210
Mead,Dansken,922,87362 Twin Pines Park,803-567-9869
Bessy,MacMickan,923,89 Birchwood Street,951-747-9281
Karia,Gammett,924,88 Mendota Lane,789-257-9394
Meade,Hayden,925,46072 Caliangt Road,420-465-0933
Arnold,Garstan,926,6193 Nobel Place,796-577-5852
Cazzie,Beeswing,927,520 Kingsford Road,106-495-5153
Eadie,Glaze,928,1341 Del Mar Parkway,119-380-9603
Cirstoforo,Zylberdik,929,59306 Dexter Lane,855-397-6447
Sibilla,Grimmert,930,0 High Crossing Junction,702-307-6149
Tabbitha,Wheble,931,13 Calypso Street,548-689-7727
Adora,Yankeev,932,06 Judy Plaza,563-418-9582
Cecilla,Beadon,933,3 Eastlawn Drive,973-367-2060
Jordain,Foran,934,17298 Hansons Hill,893-893-9786
Stacie,Kilday,935,94987 Hollow Ridge Terrace,964-419-3033
Lory,Kirkbright,936,80020 Vermont Plaza,974-524-7124
Maynord,Vasile,937,4140 Esch Trail,747-241-1967
Jean,Raund,938,273 Sauthoff Road,988-537-2174
Patrica,Rosencwaig,939,18 Bobwhite Place,326-496-8288
Merilyn,Ling,940,505 Esch Trail,951-264-8994
Carney,Ockenden,941,8241 Erie Center,989-140-1511
Tessi,MacQuist,942,141 Buena Vista Parkway,611-388-7526
Yorgos,Ketchaside,943,621 Longview Center,824-652-3247
Fraze,Dwerryhouse,944,62 Summit Place,195-194-6016
Rogerio,Vasser,945,34 Village Crossing,942-473-4469
Doroteya,Pimlock,946,77536 Meadow Valley Street,798-439-0538
Pattin,Oakey,947,45335 Dexter Plaza,201-855-0361
Kelley,Huddy,948,684 Dwight Circle,407-791-4268
Carlina,McAline,949,0055 East Junction,903-190-8376
Cece,Lazer,950,9 Clyde Gallagher Crossing,921-636-6911
Mela,Cottey,951,30971 Bunting Terrace,517-784-0161
Kingston,Whellams,952,3573 Magdeline Junction,743-970-5281
Georgina,Ingry,953,9 Laurel Park,218-330-2487
Elsi,Lahrs,954,6546 Darwin Circle,218-703-0247
Maurine,Treslove,955,207 Fairview Place,747-806-8333
Heddie,Comins,956,202 Pepper Wood Parkway,683-332-4858
Orelie,Witham,957,10340 Katie Terrace,440-502-1683
Anett,Yankishin,958,2831 Basil Junction,285-465-2985
Cass,Brunt,959,0 Southridge Court,551-190-5697
Foss,Janway,960,269 Meadow Valley Terrace,876-633-5258
Jazmin,Wycliff,961,69 Lukken Hill,137-354-7945
Coop,Fancutt,962,061 Walton Hill,258-255-6271
El,Ormond,963,961 Kim Road,907-955-8295
Annadiane,Sharples,964,2426 Fallview Junction,595-712-4495
Terra,Lambertz,965,75936 Sundown Crossing,439-938-7374
Shay,Lanchberry,966,4 Ridgeway Circle,767-857-4440
Doralyn,Windridge,967,5077 Hermina Center,724-205-6284
Timothy,Greenlees,968,817 Kensington Park,249-475-9209
Sibelle,Gley,969,556 Jay Terrace,579-454-5322
Dawna,Gobert,970,495 Packers Terrace,769-559-7561
Emmy,Taylor,971,77828 Manufacturers Place,258-761-3937
Tatiania,Bootes,972,36382 Iowa Park,696-720-0832
Marlowe,Schops,973,0 Valley Edge Street,552-163-9436
Gayelord,Dabney,974,9570 Pond Alley,127-555-4658
Johann,Finlow,975,775 Melvin Court,237-844-2476
Antin,Bowton,976,79057 Norway Maple Alley,990-592-6271
Lester,Mannion,977,26 Forster Avenue,790-388-9925
Erika,Hizir,978,0765 Holmberg Road,610-926-7164
Riordan,Ollet,979,55 Moland Alley,964-226-5905
Cris,Proswell,980,986 Golf Point,592-762-9142
Valaria,Scurr,981,4 Service Center,858-225-6211
Eileen,Yoxen,982,88 Sachtjen Way,850-425-2431
Garrek,Matterdace,983,81828 International Road,413-241-4427
Christean,Shearsby,984,6 Blackbird Terrace,463-298-0076
Querida,Stean,985,6610 2nd Trail,611-803-9386
Georg,Kolakovic,986,69214 Scott Circle,666-127-5671
Nelie,Perritt,987,5396 Sheridan Hill,178-609-8969
Candie,Rubbert,988,474 Loftsgordon Junction,325-497-4484
Lonee,Pavlata,989,40648 Crest Line Center,143-594-3151
Leupold,Stimson,990,56 Upham Trail,473-389-4574
Katrine,Barwell,991,43312 Rigney Alley,436-487-2326
Margret,Fisbey,992,3 Vidon Alley,835-373-2594
Dee,Busher,993,0 Del Sol Plaza,604-292-9890
Beverley,Sobtka,994,924 Badeau Hill,372-574-5696
Ganny,Acock,995,22517 Armistice Lane,349-408-2822
Carolus,Rex,996,6517 John Wall Pass,188-103-1673
Buffy,Pollock,997,78 Golf Course Place,447-596-5611
Barn,Silberschatz,998,3 North Pass,158-965-4965
Shelia,Kelle,999,2 Michigan Road,480-462-9315
Cymbre,Tallant,1000,3 Knutson Park,142-526-5737
